Id,Fiyat
1,82846.6916610162
2,42517.71278156825
3,26172.712862901502
4,51603.81530474509
5,170057.6751222034
6,54868.153085961676
7,66228.81203424613
8,80415.25852591041
9,267645.11364424106
10,142609.03675176215
11,197878.47661795368
12,80604.60780195598
13,42384.27980504147
14,89885.02265476098
15,57045.15902796066
16,62529.0716802094
17,60957.65707083792
18,119468.54603622202
19,21828.949469834428
20,89255.7211389131
21,34163.13190926741
22,51490.886219488275
23,74921.91891223588
24,86877.62186327617
25,103870.59603484572
26,84917.73888058451
27,102952.4453510539
28,162562.74730710345
29,90392.47481185407
30,49961.731568692245
31,215596.7586888946
32,28324.520779130133
33,20060.01592382647
34,64025.66403935475
35,54840.824800856906
36,180167.7457263227
37,100825.3747731618
38,86132.39348851226
39,31816.280274869856
40,82822.265160665
41,79922.74496692987
42,138374.37062515217
43,153017.759113189
44,207532.9323704589
45,128929.85545923279
46,122945.56450902158
47,44611.07629164686
48,54274.38138354373
49,8509.916841490136
50,219128.7087979512
51,110996.77544410565
52,59256.7921785382
53,85941.160923508
54,87942.12361706272
55,50123.5275110681
56,43364.77926049903
57,29535.77363434689
58,153347.0803533157
59,77679.12873603674
60,179924.02488915366
61,65781.55315737682
62,25008.89885830256
63,303883.2086533043
64,146892.39068476294
65,243177.23193901143
66,118935.70065738529
67,72003.27497672752
68,402760.6466656682
69,141535.76016226047
70,113767.47137325956
71,159013.95646450538
72,97718.338397944
73,61511.28370758476
74,194204.40584142107
75,95516.96856338787
76,88440.76502654064
77,94117.82043653596
78,166791.63003978296
79,55506.57622728743
80,54291.73085171568
81,28252.848029479213
82,27022.641840405053
83,48227.998889501054
84,105973.50542547664
85,32221.329118643716
86,31356.545485305087
87,12926.343860700727
88,199771.84084548094
89,88421.04404538497
90,71744.42175461736
91,285369.36862534494
92,289234.3837712747
93,30617.910529540222
94,195277.75566671212
95,44220.74775237112
96,32345.150689472892
97,25645.961286770213
98,110480.16399334013
99,64332.66085227465
100,30525.923276005586
101,567142.9997087268
102,58985.36832050587
103,20788.135169169593
104,45441.38986737644
105,103148.4414482869
106,250184.84879291576
107,172906.64913746904
108,27806.539050015363
109,219924.23014369755
110,34416.164542736704
111,59668.235325172725
112,39302.880218086626
113,90087.25071301553
114,24509.192126202648
115,26825.693197305172
116,112175.99454846492
117,36431.32822605536
118,14766.754332465123
119,51033.61407113052
120,616027.3050846991
121,451577.13438092184
122,59312.07154813791
123,44546.740499426385
124,60614.28880519543
125,352557.69891765947
126,169051.12980430896
127,23644.103663574846
128,25912.9940634364
129,101537.40921744297
130,156461.57178804316
131,71470.17971192216
132,93596.10105601599
133,74882.09459323488
134,72260.55436215102
135,100680.57310000728
136,22174.02067288559
137,49641.78139543891
138,28978.71589386601
139,72534.70367504394
140,93132.41291542046
141,30804.120113301014
142,76196.657066549
143,217109.0337098463
144,92880.48583174363
145,85719.58003474382
146,189346.8755545603
147,38688.97156957012
148,72346.25709134614
149,31995.865091835647
150,39648.848713909065
151,60704.98963930773
152,61332.071376779124
153,285028.3378771746
154,121611.68008039665
155,29081.157833639012
156,185235.5350442626
157,171534.7775001418
158,95617.43419141331
159,21559.377385412943
160,31908.42891771602
161,36179.56693135132
162,229122.06644542672
163,139847.98174733337
164,21797.99579185384
165,13895.605928771536
166,65463.90130856023
167,72479.42101110323
168,98637.80726872027
169,112669.15925572938
170,27206.64077819564
171,33968.49104030178
172,29764.20224461264
173,27265.00048551202
174,60576.492065155886
175,32446.670041945366
176,882.4068957574718
177,34964.814853465425
178,130348.36168161672
179,54355.58132093907
180,67807.56576910208
181,58612.458658443305
182,93184.30446841785
183,80504.61295154004
184,52403.57964799173
185,44981.28743014641
186,40203.05045805392
187,102253.50223425536
188,249952.72053032785
189,156777.39308196606
190,69163.3034417569
191,93676.50841481291
192,48586.685515052464
193,156504.6813471851
194,208294.9011757123
195,136545.9225541118
196,37304.22323361051
197,73908.8115290993
198,51678.16677898101
199,398236.08981357235
200,223424.18521531267
201,81838.65012056608
202,81015.58038224661
203,159956.82979750526
204,43701.74643658605
205,170990.55435641558
206,80757.53110147692
207,85932.4251657562
208,52574.665126482934
209,50214.89146686485
210,38614.46179219063
211,84178.97929819844
212,35869.85144539907
213,83694.76117058509
214,28776.919320717378
215,155137.04768493108
216,277576.42731904786
217,265511.86932394735
218,79642.666295832
219,43273.77981765188
220,268436.781035658
221,56092.93777235072
222,85585.24924471127
223,132574.51490086986
224,73314.06768379753
225,18021.35306150041
226,14953.0567586115
227,117861.4148923833
228,123151.03194219506
229,61210.26785429245
230,54805.70899494835
231,73563.93517891367
232,-3959.222877793657
233,76414.14155942286
234,73271.666279828
235,63890.3759653993
236,348812.60534974287
237,124687.93191375933
238,72534.70367504394
239,128894.21476275782
240,351941.9159595865
241,47170.115750397046
242,121900.15606754951
243,29512.52879442115
244,167611.72812721742
245,45199.55036338994
246,134989.0211738813
247,78096.89555147404
248,172973.92539942492
249,164236.06227262696
250,79075.95222574609
251,172259.48970211306
252,33806.947104097664
253,31596.677827168056
254,74173.00892279502
255,22893.107673894247
256,41373.24190142024
257,73228.63573164324
258,85577.9959172007
259,61564.81438561419
260,47100.62020107978
261,123098.0594238358
262,35523.695420124015
263,121502.90247525251
264,50694.7020930087
265,126959.39444597697
266,86085.94301433902
267,412341.33029737277
268,142969.78762436623
269,78708.3150289536
270,160289.9297778239
271,19500.818689916287
272,82676.10333261231
273,29398.31247124189
274,76601.26547878911
275,74501.31432282587
276,100370.16513232756
277,22464.16715203816
278,61521.299515276776
279,26136.79299244704
280,96184.5991421832
281,38756.96642517782
282,78961.55789297668
283,27233.200451671222
284,77133.33134379413
285,102803.22530316195
286,11518.103647814074
287,47742.503898269955
288,173171.9383586394
289,96131.83038764834
290,67119.64109971368
291,82312.29368438985
292,100513.66381446365
293,20575.499132088964
294,194547.74297749065
295,60759.726200606536
296,344898.01496918465
297,55386.93515646385
298,143530.71844848254
299,146892.39068476294
300,98012.77166121497
301,161848.84703543503
302,76619.32400844112
303,33629.4390037208
304,72798.46041103292
305,125079.58708576989
306,26090.260259562532
307,5803028.704781006
308,87893.61249522938
309,15635.80354398648
310,153970.50551165972
311,970.5722762782016
312,86756.8433346618
313,37133.8711233025
314,62410.653914308066
315,56834.77745505828
316,88935.67345386917
317,41729.90918278892
318,86719.00886636059
319,32568.338028367772
320,24047.895332186625
321,102803.22530316195
322,44776.98387297926
323,184493.9459306123
324,302571.4732336065
325,182068.07868396564
326,45189.434874040126
327,123946.77035459236
328,26591.500656674074
329,57955.540531890736
330,78746.92300259837
331,89549.65034809697
332,76332.45350773033
333,15311.626590319676
334,108339.34420398195
335,156777.39308196606
336,73825.62344363803
337,60653.20455668687
338,43682.750531610545
339,24003.57063689109
340,20621.920826086458
341,18321.25701033899
342,3955.5707608047733
343,50028.56666945683
344,154458.7671604111
345,81683.75806802817
346,174727.08167715362
347,45423.332528353145
348,20629.15178377397
349,73633.75116780339
350,195989.33043920645
351,60507.31175002558
352,72096.92108698061
353,24439.3878962418
354,115030.9486643977
355,72486.38241062273
356,77490.88343247326
357,9088.162375484568
358,43930.45542847735
359,237418.0325054607
360,164120.22251244914
361,112018.01301525757
362,154320.35151134178
363,110910.14388779216
364,702503.5348717583
365,141189.54340649856
366,90231.71184443752
367,28498.804860208114
368,11071.019464766152
369,70843.87322561571
370,259852.52079884068
371,65311.0142184831
372,119772.45202380003
373,101595.66310342989
374,13495.20915811354
375,77931.56933958846
376,30002.192788888347
377,51152.31870685228
378,108570.02354142303
379,258072.87138373998
380,79500.15415827581
381,735.8409339943419
382,41586.28157874387
383,105169.14521416082
384,54317.63045931108
385,-5413.972511585184
386,80010.99557451846
387,55701.332842913806
388,79858.68157941176
389,46990.81330376677
390,53017.33022752608
391,72990.78656773563
392,94610.21282415834
393,77036.79896465791
394,35208.49608468162
395,37391.93406384312
396,77534.25092342586
397,4177.680956192241
398,289689.09143550176
399,160603.98675933576
400,209538.33778762165
401,95448.7712778869
402,30526.144927210964
403,70761.85161701695
404,29994.740712859213
405,54268.98082888666
406,71500.20634054631
407,81255.56380049323
408,80046.67774965751
409,70136.56006400276
410,51650.3202108915
411,73286.49881541153
412,107227.3779358812
413,53977.79076346534
414,46247.502133483824
415,99965.48779869764
416,24000.23425122802
417,73568.56926152721
418,86614.27843023025
419,79535.1316274021
420,50123.40864095169
421,47407.5254292724
422,63868.51546567693
423,330900.1383695038
424,69581.16714729302
425,181953.4475740323
426,116890.11835621721
427,88356.18657050059
428,51081.26236041979
429,55807.43189307152
430,101959.06828229991
431,22650.24373426069
432,61378.95683884738
433,81528.78526452009
434,46655.963864005644
435,37608.056513170144
436,33835.39551241114
437,50402.5403693463
438,7294.768311513338
439,19159.249979835447
440,111310.31125063126
441,123897.38977273044
442,6475.755466058513
443,141263.52942106864
444,22853.377912267137
445,72648.3805911007
446,48509.02590346706
447,34369.986614743415
448,78614.48133449568
449,54370.49686657297
450,58276.34931520097
451,1774.9684297080175
452,169732.3596351451
453,35557.79418901909
454,32606.991561929422
455,50448.1071692174
456,-39525.670750616024
457,59783.985063128384
458,187603.07435204284
459,101650.43297503123
460,152717.7380422307
461,37668.215142934176
462,66140.88546956272
463,49577.11988367859
464,79872.54637849214
465,17566.645397273373
466,112708.19402814389
467,33368.24293398371
468,81431.84395317135
469,-1062.8617645084842
470,80168.54419460671
471,21646.00196079553
472,91690.81300082916
473,74882.12671372111
474,188730.66946806546
475,46150.47141475267
476,72297.53781644447
477,56588.73348296479
478,99298.17307482404
479,35476.13638343345
480,191600.48814956457
481,161418.84767464545
482,440773.4967899518
483,58397.021559025954
484,69414.54112808913
485,150300.4401314663
486,36118.08666314702
487,64228.71735461636
488,362900.79429613485
489,44282.54887740394
490,61202.22908063912
491,85260.14485721945
492,6368.272723620937
493,69806.22932397676
494,4744.216082749755
495,264794.6682281222
496,98207.40674253445
497,48702.63947629445
498,31632.490289080957
499,104746.64574285793
500,55614.84373042965
501,311717.55255458585
502,123947.03892551828
503,90053.47390030778
504,165143.31475695997
505,42162.349519867
506,91845.33694528553
507,71872.36190068218
508,173365.47438929256
509,35432.5507581583
510,104676.77214058096
511,77339.07022817712
512,64145.38333552119
513,104401.65963945462
514,74419.80313200125
515,68187.81255177024
516,55118.82810035908
517,347050.1277296169
518,33568.30774266381
519,76127.80669024648
520,71747.06471335966
521,46706.50463605112
522,71620.42535401956
523,90820.96150518503
524,156977.75498738748
525,83021.32281353758
526,71036.00570805353
527,67815.93504966857
528,181777.83161519738
529,31589.924089065327
530,87604.39877513645
531,16455.08602870806
532,42182.54147620221
533,79053.8473370146
534,51236.35253654015
535,105413.58638966686
536,54457.39581145049
537,113725.52626295314
538,72807.96759133658
539,27230.84898177587
540,427255.3973169987
541,-502.22582887082626
542,71281.09073651783
543,75831.10587498499
544,213297.40092000595
545,42482.30028687366
546,194443.12736514024
547,118677.97717753515
548,133342.92159552622
549,17907.676145443653
550,17419.46469856731
551,233584.63726079778
552,35942.42900619076
553,-404.4395604416468
554,35182.81906578697
555,117116.03432747672
556,125846.32293529261
557,29576.351267472015
558,47565.379192459724
559,166436.5607350035
560,287370.2942243651
561,82276.26372915716
562,511276.17882216955
563,54290.13198078035
564,220558.06135933005
565,84544.66457854563
566,832192.9583546869
567,214695.0943440746
568,19215.659439458082
569,52272.785400316665
570,63481.44435706878
571,29233.19706119157
572,168466.98427771023
573,141135.71669106482
574,27952.80029657894
575,61460.63376066785
576,281049.64581518807
577,76709.84321721751
578,128939.12132799198
579,77350.41276967188
580,70252.57782116148
581,112047.15923244969
582,50083.44586388154
583,-4055.906821782074
584,124105.896630859
585,115931.57395820448
586,76575.1949915535
587,130289.79305495913
588,147579.94279075024
589,18617.261354898113
590,52389.544435360214
591,21476.03943411993
592,539229.4734097959
593,115425.57036677914
594,64614.33523040376
595,48081.94120496706
596,118482.8910743485
597,7763.255312388847
598,104645.40823428304
599,25419.766969513865
600,105949.51732130625
601,34321.530948533684
602,35679.24857266201
603,57524.01624507885
604,43651.89688687414
605,9959.706385794652
606,814994.9826688124
607,111768.20438235361
608,47669.44793805406
609,453388.2163931839
610,41594.030223390015
611,67273.52198256445
612,65941.44254375191
613,59784.56413972763
614,223607.98555806573
615,50452.86407214463
616,90433.25205982453
617,46434.30083080855
618,89636.95621889777
619,290982.5547690993
620,37063.6368181603
621,5663.713125946649
622,67898.17719955239
623,77982.7896864292
624,68809.03086354799
625,83227.1503337794
626,35566.26413094243
627,38732.787853802714
628,16008.437944643229
629,12529.193094777605
630,169179.4847935229
631,105951.50749335389
632,8307.863177620111
633,120580.33769201895
634,77380.45619639676
635,44293.671789632965
636,245490.8769347297
637,138145.9284448128
638,-3592.2747104833807
639,89712.44315213751
640,254967.79632694589
641,55058.521085641594
642,512447.8361348355
643,56678.24023811385
644,114134.1862365985
645,69449.05253786771
646,51527.05105501922
647,132976.52235233903
648,94334.39912777161
649,131142.8951052342
650,37901.80095691206
651,46821.985227498524
652,39342.459242846155
653,89194.22845370517
654,30384.543629191136
655,41515.458683165234
656,173988.18172278468
657,7834.809507308842
658,48888.135595769905
659,56544.06963902559
660,78672.29889030554
661,72314.14023577317
662,60808.86723529723
663,108146.0403578296
664,58878.754399412486
665,54474.00664219358
666,809351.7605488406
667,44326.2259433054
668,40973.50045122384
669,93392.8555780855
670,193069.94348559732
671,43205.633720713064
672,49199.745413107354
673,188304.57389807526
674,231804.32740430304
675,51498.09925831547
676,83124.68521316763
677,121161.87172708221
678,108753.06165461894
679,141517.69440366823
680,54150.008612163154
681,166682.9618857938
682,34825.69669882759
683,188664.81405821975
684,265099.8681855695
685,162711.81647441315
686,36556.00549988052
687,72549.26886909021
688,109764.6577201719
689,109016.25174211725
690,36709.872567502505
691,56387.17493914734
692,171201.36663316772
693,92342.79216146137
694,243808.50683508176
695,75093.80951478568
696,45034.10805030666
697,23311.12248393636
698,10445.325164270005
699,42667.66363155667
700,160553.6966055009
701,39068.74554097111
702,35603.395668499215
703,24525.65061043864
704,26754.850812535497
705,26029.998963188165
706,39692.16556809607
707,112651.3555701155
708,38738.90038009805
709,76830.13157597824
710,-27308.876860590044
711,93801.01677120113
712,61936.676900159866
713,82733.58256628364
714,135185.98058157015
715,80731.50593302361
716,53658.92895378516
717,91168.83538834992
718,46978.544600259826
719,54642.87479359833
720,35155.6488337625
721,64821.3673971303
722,116376.30487960699
723,98828.35058520787
724,42306.3206427684
725,67972.21797013938
726,92757.27909243316
727,385105.19905212324
728,229707.27944523699
729,27022.641840405053
730,62048.51649151944
731,176034.1523693585
732,41855.66408954313
733,31539.490771379093
734,71141.19079241065
735,30225.583775333584
736,130269.91030559441
737,52840.29626836291
738,199771.84084548094
739,39108.80098834071
740,31413.392242126723
741,59021.763196641616
742,29407.830569848596
743,93149.77065001332
744,106003.2446157396
745,36431.12937672294
746,121726.4315585331
747,98961.56243144508
748,121196.05755694472
749,183858.05936691712
750,53367.112383832384
751,82315.02691665106
752,213444.64826745028
753,38087.19138557973
754,88633.67881446076
755,101884.39923306656
756,79707.97147074356
757,77439.289503674
758,65597.73358501287
759,91034.96003905684
760,160496.85814747252
761,93330.66704813007
762,192436.34503185807
763,221126.44593961386
764,162825.22625732754
765,35521.71404826886
766,40369.3680055293
767,75359.80287566851
768,74582.26339253027
769,111706.12848427941
770,135999.99328796795
771,19422.106300452113
772,15259.728921452643
773,39173.339192170744
774,86531.39819485502
775,84804.06196452776
776,141316.4624559613
777,86789.3998381336
778,66961.9957962509
779,129663.3182023715
780,70829.54993419256
781,43299.542117707424
782,41664.791250958035
783,70761.78310231492
784,128543.12262612543
785,48528.71212541129
786,118422.48936862871
787,56949.810806355556
788,16308.281457809993
789,81578.85384650607
790,42141.79200441676
791,82945.43910910486
792,121576.06567065947
793,29418.380448531116
794,22555.41728924961
795,51099.44582871182
796,-2520.0797140867608
797,87901.47890627355
798,114283.73516626068
799,87105.56836801587
800,53348.78701211831
801,66946.20141958242
802,65243.97198477711
803,72274.49408899847
804,130466.72429379306
805,14974.017092067344
806,109365.37072454949
807,444092.6462277449
808,69651.84341331871
809,76367.4564100526
810,110095.28371885666
811,38310.52332221532
812,27789.182306236904
813,80939.04681859797
814,532682.1925249014
815,203332.03106182071
816,38235.357731033684
817,179924.02488915366
818,51153.08839528599
819,70015.75299214324
820,110340.79094510188
821,67184.4145079334
822,56673.59415592301
823,38536.6359231677
824,224507.41254841755
825,35156.47468684049
826,112226.40946242842
827,73399.13765084164
828,38171.000345273875
829,43357.030615852906
830,141734.71829880186
831,202743.06029038448
832,354532.37102291343
833,42534.25691986823
834,47734.54800204332
835,130738.31943669642
836,63657.53855855423
837,81668.09947088272
838,33373.17217875407
839,293076.3196353232
840,271974.09909745073
841,127050.16016642941
842,29684.998800297366
843,41703.90822935382
844,247939.64314790355
845,47391.33598325828
846,770603.7788303379
847,39119.82318790587
848,81696.44029857908
849,92591.04502708561
850,80457.05716433801
851,303087.47024090705
852,44481.69985966114
853,38640.8882710572
854,66885.13437349425
855,74483.33522555532
856,35512.67336781951
857,65530.17788159947
858,108808.42036611438
859,120720.7594635881
860,52434.561535503635
861,43464.73006660772
862,56807.10872135912
863,45928.20643224285
864,56979.48816188658
865,14585.416069758245
866,43307.76398869939
867,95596.67517515857
868,57567.16188353642
869,21313.817827906696
870,207158.13201514469
871,62189.81130493666
872,142786.2062388848
873,21074.264198758352
874,170236.84349291163
875,11454.62647752684
876,395214.6959365286
877,78023.94923099774
878,133145.2324865412
879,71453.59636348486
880,123593.58899131912
881,84176.9015766308
882,131820.868174034
883,61448.02463030685
884,17493.625584983423
885,67070.69363795198
886,202402.81787701265
887,98671.68747164894
888,33859.0746396605
889,101606.85043107162
890,207435.26666674638
891,232143.80761369324
892,103201.22241236366
893,51940.22503453705
894,121999.12682746188
895,237612.8397191567
896,99087.32471513565
897,85105.3005141833
898,72219.33834525073
899,246701.21633677097
900,14170.58936702232
901,61531.639557543655
902,-1880.2751575911907
903,35015.08324688787
904,41373.24190142024
905,177324.55157439035
906,233054.7734809274
907,76426.03585276351
908,74093.57822374874
909,23449.850728615867
910,89257.15679636158
911,20369.405810948996
912,72238.28719051948
913,-4937.795560433882
914,24444.187560147937
915,39903.229587186805
916,246968.67684346758
917,20656.734541226604
918,49579.083937704294
919,132643.5198388995
920,24327.054256278392
921,34711.09866267668
922,200678.54779990943
923,218398.19995425164
924,144108.01003666158
925,194178.2952181375
926,206516.273067039
927,42331.004845831485
928,87607.31372428671
929,49302.868422894804
930,81124.72052862967
931,58467.66176663861
932,53736.194345018346
933,50099.556831859954
934,111345.8160918742
935,27713.872577578823
936,27509.70875215602
937,66833.59104344551
938,53067.58980966229
939,61470.20451414708
940,79192.77738111757
941,113929.58637464925
942,100801.11514742445
943,130171.19125627403
944,114803.29774969732
945,65212.35452375396
946,25645.961286770213
947,38134.99108177111
948,181953.4475740323
949,223288.4020462111
950,30193.037929040638
951,149132.52972637033
952,129744.1438578867
953,-22894.80008721883
954,446689.02699048124
955,48737.28910423419
956,228066.28246311826
957,669779.5936580405
958,99875.07880094158
959,24403.71553890766
960,28562.368538688756
961,186184.91808572662
962,194509.64293499908
963,50832.408739386934
964,45089.410202030274
965,66261.28727225098
966,64109.94517645763
967,83296.89196438645
968,52521.46756353487
969,218972.78264040145
970,38113.489106878245
971,217404.72271892038
972,157918.54067539272
973,112535.36869973937
974,144276.73326723173
975,196832.7709254414
976,12214.619990061907
977,-15081.3789383586
978,63481.60607299026
979,78170.95844630603
980,58189.27682796395
981,38190.687040847544
982,91440.48100785253
983,18505.502827124164
984,82985.23130761963
985,125356.34270748333
986,75273.08888500935
987,40832.57184503229
988,60159.217696633896
989,52004.741641401386
990,51496.77418058066
991,55753.7705716167
992,48289.42071599969
993,114421.91706683798
994,175218.61374660346
995,46680.88702682489
996,137349.02034564197
997,493380.9741478474
998,201495.94774229501
999,71464.09568671459
1000,113596.13427921946
1001,33260.351094612975
1002,123520.77910953618
1003,104872.23546487367
1004,48353.68964524548
1005,3621.822775683727
1006,29629.010699971095
1007,23198.281609178997
1008,98286.72297822777
1009,61057.88545440004
1010,75946.38638521137
1011,89913.50727343696
1012,97173.51350612182
1013,55480.57087398392
1014,212902.98781574622
1015,25874.474633740898
1016,40889.63224784752
1017,78405.98012744018
1018,42840.595130526206
1019,79955.99588722514
1020,43477.85349530517
1021,43868.39992433704
1022,213177.96829553237
1023,104858.67961861228
1024,139881.8122850612
1025,86700.778068796
1026,62646.352319255595
1027,31891.15938341247
1028,323302.42391447374
1029,-2852.341280106818
1030,48622.316582985906
1031,69592.14178470822
1032,40302.53481344599
1033,155272.6012465361
1034,52663.30202918818
1035,57818.11196113672
1036,188425.99945877818
1037,248183.6945678523
1038,49945.166470040116
1039,257835.1362115362
1040,55387.93497280919
1041,79609.94896008779
1042,31820.63879528498
1043,178435.76529095462
1044,100989.98642642118
1045,130418.17612716029
1046,95594.66209347028
1047,826281.7587197353
1048,95121.01534646176
1049,165413.46849049267
1050,75359.06590533082
1051,19857.2001671203
1052,52785.03010281222
1053,24729.956828527178
1054,92851.47966809748
1055,155671.59632354017
1056,51038.611171404125
1057,263149.15136448666
1058,45902.393550184155
1059,35610.98392174967
1060,160837.8888956428
1061,95986.4276837889
1062,55418.51227390308
1063,130606.94120120307
1064,48376.097622556896
1065,207614.39021815182
1066,48389.263024869426
1067,171885.8153072971
1068,135253.9110389481
1069,62056.95468112044
1070,58990.208093378904
1071,98436.5849948893
1072,159241.3102966189
1073,114443.79730664205
1074,14984.29924139347
1075,70033.58315609029
1076,205233.37308682594
1077,26477.99414745434
1078,74162.583403714
1079,114158.503894783
1080,50977.47654979657
1081,116987.27212751155
1082,82596.71808437457
1083,28281.33114669891
1084,96106.30486809323
1085,42595.42767610563
1086,3673.975878030943
1087,83727.28662922917
1088,75702.24826199896
1089,18565.358138798954
1090,15346.360993478054
1091,424940.43923667877
1092,80028.97417545086
1093,353888.2489380952
1094,9753.177359482583
1095,101359.42006992595
1096,28118.492813769433
1097,75209.2665696184
1098,218802.04414843427
1099,108999.81974339565
1100,260069.9660593794
1101,139892.72116742175
1102,24956.151145783548
1103,50114.87363577699
1104,298308.01899973425
1105,90745.19767822852
1106,114827.30323417796
1107,52860.93677923661
1108,62976.73634358342
1109,96932.33271976496
1110,175375.99690157484
1111,164502.30599391504
1112,26441.69969916753
1113,182420.33231974414
1114,29632.853677518568
1115,74103.02279255821
1116,423682.3231058569
1117,347152.7359647168
1118,177039.07092861945
1119,4275.860582956705
1120,53322.609395241205
1121,127343.91553608168
1122,21900.80875302407
1123,45410.96374952066
1124,82154.46226054325
1125,127939.79845998186
1126,178208.4114588411
1127,194557.48414290673
1128,43806.61300297514
1129,13123.113450312649
1130,43164.65127371151
1131,38930.15697129793
1132,24892.770591986813
1133,70138.8941643259
1134,53307.895798817524
1135,251977.69215441373
1136,62162.63476482905
1137,164794.9666319944
1138,54661.83228802339
1139,36398.97368950085
1140,33415.85777744711
1141,257220.29451331426
1142,75559.42210996267
1143,153931.05033143592
1144,63925.32053806887
1145,70665.92568968586
1146,115698.49716246335
1147,87911.56865229525
1148,10221.82351232921
1149,128259.43734675407
1150,54219.39489394006
1151,275193.17551778356
1152,44569.97068620846
1153,136091.52315517093
1154,132431.27062310927
1155,15763.128295609218
1156,91989.23805779938
1157,236368.44129727877
1158,2329.77842255254
1159,85145.09271269807
1160,92962.71790728794
1161,99172.17982072971
1162,24031.19980821542
1163,82500.54474379643
1164,131150.8091015364
1165,66020.761228069
1166,39517.71707306761
1167,126306.17611034421
1168,68963.23680220962
1169,160474.12276426118
1170,89592.55764040502
1171,22820.548629242166
1172,66231.81880942197
1173,646377.6462396405
1174,80833.00526795493
1175,25347.692452944906
1176,110418.78754581683
1177,36469.131832107254
1178,70847.43780344189
1179,85164.87491486777
1180,53390.39094595426
1181,56595.64051787526
1182,68027.54140265187
1183,173646.6521156849
1184,53570.710933505514
1185,116046.41050452803
1186,58765.714599259525
1187,33615.79032494376
1188,36361.28124606255
1189,69581.16714729302
1190,34945.71860002476
1191,73104.46348379238
1192,20587.461411807475
1193,161761.50562005249
1194,12750.96249559406
1195,37180.17532200932
1196,51806.82934532489
1197,32894.70193635745
1198,39251.67744968388
1199,41965.00016421024
1200,47462.21695706169
1201,83172.79294121839
1202,52673.41245540233
1203,275828.25632122334
1204,9210.497669646491
1205,94241.34489378161
1206,39495.48528168111
1207,43090.94380525971
1208,116232.44162103429
1209,97976.14176770436
1210,14295.077478662508
1211,47561.99993825856
1212,245466.34113034778
1213,57673.09015494706
1214,146095.5639241399
1215,25507.6449424743
1216,97418.32444165956
1217,162393.79243721825
1218,55464.26225297153
1219,-17001.269304728456
1220,74660.05925633613
1221,61474.0766596167
1222,99903.71800889983
1223,58038.9057418535
1224,98084.871362212
1225,66565.48897304421
1226,62228.1515033432
1227,36486.10068645559
1228,257870.92341249355
1229,20708.346619567175
1230,67915.24921009998
1231,93035.1018858451
1232,105845.0719039925
1233,168212.59149049246
1234,119194.64546539864
1235,133825.7334786819
1236,116201.6041085672
1237,141785.632645916
1238,45833.76721043951
1239,84055.80338566005
1240,124146.93178047065
1241,70039.32310832592
1242,66735.11757430944
1243,54659.516947830125
1244,123022.21907197271
1245,66406.28943258215
1246,25349.028347471907
1247,64452.71426116481
1248,49723.50201392587
1249,44937.50492693242
1250,94226.24450800533
1251,75677.86512611838
1252,39297.44162730843
1253,8717.008953816465
1254,29923.5307645576
1255,160383.18123141577
1256,200988.54875858082
1257,141300.9566231725
1258,115023.31826001717
1259,23461.85291999798
1260,7644.970995631797
1261,135643.26573721124
1262,30252.87000710757
1263,93984.98978584615
1264,30701.64455338973
1265,53661.77436926222
1266,37183.41757534706
1267,125232.46627868185
1268,97771.96018854156
1269,31266.163130578065
1270,-1906.9002237373925
1271,721582.1202359921
1272,78767.05513707036
1273,127414.102110204
1274,196984.78720799595
1275,67390.72456460167
1276,61601.16744937952
1277,49444.302941450114
1278,60804.19897741403
1279,83278.67102421404
1280,81460.29224787003
1281,50588.91354321769
1282,153966.44258268885
1283,160603.98675933576
1284,79324.47278561236
1285,57395.69967697514
1286,34891.986972232975
1287,93005.11594970411
1288,59706.44218092366
1289,32257.703276168726
1290,37951.44361770382
1291,40009.83632545175
1292,160383.18123141577
1293,242480.6583302121
1294,32975.18550797514
1295,196662.68610892197
1296,118930.26788045568
1297,22566.972340631506
1298,36235.02429713778
1299,17007.675181313727
1300,76909.32759364427
1301,267207.6456210155
1302,34995.8438002281
1303,30902.520228776924
1304,103877.69904002358
1305,124629.0176668134
1306,93814.47441176101
1307,69617.00796409196
1308,280026.55357067724
1309,87342.30306945584
1310,181158.42547579174
1311,132878.79444151942
1312,73961.4764208147
1313,401753.3555124892
1314,35179.39126429537
1315,17841.33234776172
1316,278776.10749405285
1317,55728.883943251116
1318,146532.3584611662
1319,246091.66909782228
1320,60685.39852601951
1321,130462.62982184903
1322,86780.40968805677
1323,57583.009484377035
1324,67522.57533135422
1325,193460.8028102364
1326,48276.99965701514
1327,56792.62300496438
1328,67933.56199282478
1329,112082.73914747356
1330,74957.9777899704
1331,53746.10075810051
1332,34090.519096817785
1333,38213.62698232325
1334,131839.75319177145
1335,27862.243686496844
1336,-27426.859661597577
1337,57488.327320090306
1338,19395.089257501397
1339,29489.709168711906
1340,104466.29323717859
1341,84950.04595536145
1342,48031.04597315404
1343,32189.827118379715
1344,176663.1047472527
1345,45193.853561638396
1346,69283.98319357706
1347,107765.17634185345
1348,88126.96231065673
1349,59007.98704363501
1350,392598.5284356844
1351,43683.65799365942
1352,28260.53035607572
1353,70913.69586181943
1354,72321.69021910487
1355,67871.88673487701
1356,132804.8866041635
1357,30796.468727785807
1358,-8851.503273742346
1359,41381.38933508291
1360,171048.92859138636
1361,65736.20299085026
1362,90784.05133629152
1363,51445.63464056927
1364,52175.380331971704
1365,34302.60936569252
1366,875772.5964968918
1367,62503.82474048291
1368,23068.64264069151
1369,101069.9943012378
1370,14953.742047645912
1371,24534.8878297909
1372,266770.6216723302
1373,52816.327654639375
1374,246572.49573093746
1375,36092.080000407805
1376,56598.15308331394
1377,169637.60325601234
1378,74882.7782414073
1379,38192.7063653942
1380,62437.68942881577
1381,19063.031174804866
1382,56966.11942736793
1383,60549.887636336156
1384,90603.31741442365
1385,24231.972051919143
1386,308157.6725734597
1387,28352.940008144327
1388,21476.03943411993
1389,126959.39444597697
1390,95190.97461313836
1391,119498.23467421316
1392,257521.31015483994
1393,68220.49245141775
1394,19675.231306263933
1395,97551.31152768401
1396,70680.7541476771
1397,72759.3792965886
1398,18851.218303163798
1399,135076.6517112803
1400,57709.11355608945
1401,24387.766565499744
1402,6181.072926204212
1403,47719.5090363013
1404,56508.96050948773
1405,88196.80877509844
1406,54546.281389026204
1407,36938.135768269676
1408,165985.22328256353
1409,33715.058758840016
1410,151544.30725021817
1411,210004.33812856945
1412,68157.84428127212
1413,179083.62889253325
1414,163245.71171850513
1415,164582.6788213223
1416,119483.61382148234
1417,3484.959257686961
1418,36308.701487154314
1419,121007.13550181017
1420,74692.32802200687
1421,119626.61774641433
1422,45698.5578464877
1423,25910.120379462056
1424,404636.3157806047
1425,157717.7808125619
1426,200598.6404909966
1427,74692.32802200687
1428,109639.44389613427
1429,69373.8390462753
1430,29541.67654549332
1431,104365.22131983368
1432,89523.51186136654
1433,93425.26195405901
1434,173542.30997970872
1435,184802.24775074562
1436,162335.39347498992
1437,119026.64219023069
1438,36865.81500989359
1439,91403.00471360702
1440,86302.13567043474
1441,68301.08218661696
1442,116542.63485673748
1443,119911.42565045782
1444,41118.466784689845
1445,175815.84830084388
1446,77083.51304831548
1447,4342.946069910903
1448,87228.96192511515
1449,81529.74523757419
1450,48684.35378531507
1451,39267.07667691048
1452,87727.39937108231
1453,7239.209045078595
1454,113625.91061819144
1455,225798.1890938999
1456,132898.87717900128
1457,117622.96703835213
1458,212201.9484964841
1459,141468.10093230073
1460,100004.61858436148
1461,100244.7487570701
1462,93008.5196425932
1463,71092.63475212891
1464,57160.409101078825
1465,63964.883098446306
1466,22955.87509328833
1467,72405.61769635297
1468,92172.86414492337
1469,61943.79364753179
1470,82146.5895331125
1471,84344.63521613079
1472,34064.08851935464
1473,122173.82759850175
1474,89350.18035499469
1475,26599.249301320215
1476,58492.42481283111
1477,46577.193245512746
1478,73843.18946988037
1479,59379.146750774074
1480,19120.242168420722
1481,39737.36159091401
1482,94031.51893020599
1483,26109.15128578307
1484,81384.23063162112
1485,78375.24877995622
1486,35188.034785835545
1487,321837.09829895484
1488,45038.61773913238
1489,49666.08187071531
1490,23267.455889168134
1491,29056.0606404447
1492,201475.83675108684
1493,229998.45832107356
1494,76402.22036526495
1495,159052.62225427086
1496,82223.15503471746
1497,37694.19525663512
1498,72814.40998704938
1499,78141.82844379256
1500,68659.27387693606
1501,181152.64358471116
1502,134217.85990021573
1503,45520.04442325778
1504,32535.57157545091
1505,44724.25951378757
1506,74088.90086676253
1507,106375.57668892157
1508,127343.91553608168
1509,23578.34114090539
1510,181122.06473690877
1511,72607.07307737971
1512,29990.33770658077
1513,180652.2431860111
1514,80061.6072176256
1515,300503.70304504334
1516,93744.01590407305
1517,49199.745413107354
1518,286238.99703317916
1519,22179.75849068345
1520,257622.02250377482
1521,58894.32842571759
1522,65342.135466454325
1523,78445.15856386087
1524,126713.15559612599
1525,83187.27807310689
1526,35914.987879907356
1527,174570.7501450248
1528,65170.08030749657
1529,-17594.24473409594
1530,37141.44895096331
1531,87556.53503272554
1532,80315.37957437345
1533,49507.54561416767
1534,24891.444366372543
1535,76717.6114369634
1536,18159.743311260114
1537,24187.51624039254
1538,258470.7405899386
1539,43088.40698893401
1540,99146.85035494197
1541,84247.61346042991
1542,43917.01651137348
1543,5796897.899958587
1544,367229.6954068742
1545,58522.310066780665
1546,126041.61485897505
1547,38815.625882416534
1548,108565.5612669349
1549,47519.407196328844
1550,38476.67187005841
1551,57453.48496747967
1552,36999.71180231325
1553,24180.71893898609
1554,41702.24884221992
1555,81385.73815825416
1556,63989.82603563762
1557,48307.486855816765
1558,55603.9604887125
1559,100994.94747091076
1560,40704.476290069084
1561,72630.32206144865
1562,175806.5135207633
1563,234881.34982977662
1564,30072.97072219059
1565,37477.07039626301
1566,29775.58068804032
1567,44329.240507912466
1568,121620.25951509795
1569,56068.58847725592
1570,23277.41536624338
1571,75791.54204217516
1572,196153.86690651672
1573,116777.73733349712
1574,24298.02406567648
1575,79796.72126148595
1576,172632.89465125464
1577,67873.95011671682
1578,77885.06795684213
1579,210478.17948410424
1580,60022.58249081244
1581,100319.12627125299
1582,50610.73922728826
1583,33564.99786204587
1584,98394.31000965662
1585,23653.246902266223
1586,79740.84592259646
1587,29419.02938179459
1588,65837.90485229835
1589,57691.61864814779
1590,57627.6186089744
1591,128711.21082951454
1592,39520.774558189376
1593,82444.22213706258
1594,41995.53099071313
1595,107395.72636466898
1596,12652.908496793349
1597,78226.64892859492
1598,128698.31623016452
1599,49535.37082061658
1600,229644.46599922463
1601,32244.151662832603
1602,103939.99446372953
1603,164228.5515077006
1604,56301.265855925594
1605,47195.294150668844
1606,31816.126918426282
1607,437147.91468635964
1608,70576.12252047352
1609,91024.24879378089
1610,12449.193956953517
1611,121885.44991140513
1612,286799.9851038508
1613,163895.0315244567
1614,-7729.464375534545
1615,52513.484216137884
1616,88546.81266165347
1617,42198.65324367948
1618,69988.83016913888
1619,60126.97725394648
1620,23897.194198519395
1621,100341.62294205252
1622,91332.73599314538
1623,38413.899926577
1624,24590.82383087429
1625,50410.01833921271
1626,26589.9470834543
1627,36014.42416788022
1628,38546.95553319967
1629,17467.21993266832
1630,53528.923274847286
1631,290275.83546499576
1632,40507.80222647826
1633,73671.24446990658
1634,5834.257844976125
1635,127015.81168013453
1636,85312.82023863166
1637,63100.95521266336
1638,8221.47308216806
1639,150556.135100986
1640,93258.49091861807
1641,29997.241565416134
1642,70517.72395057415
1643,88019.74066144065
1644,393053.23609991145
1645,79183.62665534444
1646,21934.82112931382
1647,35827.93932944513
1648,40271.464857309045
1649,27955.06011047922
1650,49083.469207744056
1651,59376.586662288704
1652,57428.71210742685
1653,16330.450772100743
1654,34964.52867508589
1655,30126.626814663792
1656,91467.59181628155
1657,401251.43608626234
1658,90523.52055511647
1659,21342.14915823394
1660,29124.3511983178
1661,34275.69469447768
1662,84122.00046818721
1663,47719.140094336755
1664,152888.25341631583
1665,300507.3940710038
1666,109680.67872459584
1667,69852.36777386084
1668,37666.69848015241
1669,9536.506261466926
1670,87377.87868514951
1671,235099.40743116895
1672,182818.35225710776
1673,81434.37031905967
1674,105531.47128852416
1675,81090.40845805017
1676,69114.63082383404
1677,121589.19016098656
1678,67454.29856673442
1679,43471.27163080413
1680,25436.887152508167
1681,60228.20685096177
1682,50882.06154601692
1683,60175.960547192146
1684,62140.537488572336
1685,18662.287758509276
1686,51005.82997903423
1687,94179.29892107978
1688,18035.6045129521
1689,110830.7117928268
1690,36957.453302050475
1691,105074.6413467796
1692,3263.7606295320084
1693,172297.1650401766
1694,256049.29433639784
1695,112916.92956888428
1696,24327.8871547802
1697,16363.971075562338
1698,40237.19015756527
1699,70626.48817976782
1700,158121.59893624374
1701,58071.80090651691
1702,81984.45290180121
1703,38122.85992467517
1704,286392.4608698557
1705,34843.223442845774
1706,83339.59413108084
1707,68592.96749502482
1708,75350.53576135493
1709,51940.27785521205
1710,45447.49781458071
1711,64985.10500206153
1712,72841.91219696254
1713,31058.28221744012
1714,52923.881101118815
1715,29739.046622980215
1716,85541.0245693119
1717,24634.72566651866
1718,22701.168657359256
1719,129941.39104545597
1720,434647.0225331109
1721,197126.09959977402
1722,35610.32205266445
1723,47304.40741562141
1724,128230.67144656341
1725,251693.28002090252
1726,87893.05842003904
1727,77857.98006939079
1728,113530.61436775964
1729,36353.32126125689
1730,8454.611247339391
1731,46207.21892250667
1732,-2564.3009655200667
1733,80542.11040972249
1734,23181.193174971293
1735,82629.86151986176
1736,34318.707595757434
1737,109030.71163376377
1738,275304.3088628829
1739,72457.6313780953
1740,18413.60140910498
1741,108320.30258826178
1742,272832.5658867419
1743,50688.57353048972
1744,110180.13751649452
1745,132449.65446003756
1746,293864.6533017444
1747,42952.117152450264
1748,63148.73041878286
1749,46471.49942774514
1750,207614.39021815182
1751,84130.60293950545
1752,2090.668259749221
1753,158332.61128232162
1754,112791.7144133907
1755,100110.08561235125
1756,83574.17747634565
1757,14074.8839129394
1758,52245.50247720169
1759,40464.54398967881
1760,63665.06814322872
1761,-7460.157000606846
1762,37857.40493732341
1763,182989.11483318883
1764,30579.97711373732
1765,30803.45794747987
1766,201626.87732096933
1767,25577.28343858635
1768,27285.05295502827
1769,45918.85664915334
1770,62002.474853893196
1771,32225.122259705702
1772,39522.45383786211
1773,35904.39337083394
1774,144162.5841952008
1775,177543.40384457837
1776,5525.619237517295
1777,58956.04777700568
1778,91469.14301451849
1779,201617.99985217073
1780,-996.1957026276441
1781,168466.98427771023
1782,66555.26049207733
1783,442265.64944723493
1784,52749.71789702797
1785,128294.52578695113
1786,68379.91979810758
1787,28916.808407575543
1788,96201.18141004216
1789,111150.72998868758
1790,134707.69549188044
1791,77735.86577655846
1792,24313.12048244409
1793,160613.18193394618
1794,12299.520658723406
1795,80955.39793456232
1796,74888.5747014803
1797,63227.53693456416
1798,84501.93846477321
1799,134912.43979641315
1800,124276.61922703744
1801,53384.712234923165
1802,-23448.167599611013
1803,27330.23706343349
1804,29480.179099330813
1805,74916.6660676485
1806,103431.57890854406
1807,28546.273592258764
1808,31177.77257362952
1809,88171.59016690534
1810,72077.3178002481
1811,271001.15098899114
1812,28382.968871377216
1813,300654.9961137136
1814,152604.0611261739
1815,163218.5558286412
1816,115591.70284030098
1817,23223.329513786055
1818,35553.799067438165
1819,1544.4798769920717
1820,42179.56036362306
1821,100786.300982193
1822,99500.88048553886
1823,62864.505392231345
1824,42016.98956066463
1825,55030.61163317034
1826,85367.19370022419
1827,107623.18234323655
1828,106225.48881082781
1829,64644.30870753417
1830,64059.43984054498
1831,104613.54539082947
1832,35222.66462698465
1833,147565.14303225742
1834,98890.8512321703
1835,131379.79379494925
1836,42033.03746640825
1837,51148.266191982926
1838,304792.62398175837
1839,66927.96184661891
1840,40257.200700187925
1841,95290.6811030214
1842,61139.30417420026
1843,91011.2571875783
1844,24544.90439675676
1845,67460.22799678694
1846,104731.39030233404
1847,69277.41317218813
1848,82828.686876458
1849,152615.67131489725
1850,129145.2752497454
1851,55058.56842394739
1852,84698.98751978923
1853,55734.756724433
1854,209250.50270838532
1855,23133.22974336604
1856,75391.63188880344
1857,67722.69145086635
1858,119502.4200711679
1859,52904.883371037424
1860,59659.72809726612
1861,190349.41013138232
1862,71204.26143311083
1863,69201.38980043444
1864,83021.29018535413
1865,48451.85623374041
1866,74442.27556314334
1867,15159.572774882188
1868,127869.43151525088
1869,154728.34924803316
1870,74218.9593576428
1871,203410.81061055892
1872,62381.19161345816
1873,30880.028670151496
1874,29503.944146220576
1875,106099.85586880794
1876,50128.538179588475
1877,131180.82454648492
1878,78065.80899876973
1879,71816.71952925748
1880,40940.202765958566
1881,20214.2490329462
1882,14723.0558396249
1883,35354.71082273056
1884,71113.74222433445
1885,184130.98495205882
1886,24201.782002477605
1887,271962.10108666227
1888,61656.96766265472
1889,80603.82736548895
1890,56096.14933373226
1891,756225.5319656814
1892,71108.4547927859
1893,36114.48797771923
1894,32266.109148290572
1895,43237.89029033011
1896,141194.7294140902
1897,20272.53727682678
1898,19249.256654222532
1899,64093.61800488036
1900,93808.54830348949
1901,137522.49755001575
1902,41132.115463466886
1903,59794.44496583031
1904,38316.18240249131
1905,98240.12549332847
1906,50011.13610828986
1907,51411.86440341635
1908,43670.69920777173
1909,95633.30506866917
1910,148013.15168916233
1911,20621.738522289215
1912,41394.2325740036
1913,-32512.23141697798
1914,398918.1513099129
1915,134281.69485882705
1916,39409.57796922791
1917,-2451.4186984351645
1918,93493.21368750083
1919,39629.18315669529
1920,63845.69122942369
1921,27888.755447791646
1922,75221.06054256187
1923,27711.414639438826
1924,81941.33469609535
1925,36046.648414779476
1926,65086.87453737253
1927,16706.677911166815
1928,88038.56664059684
1929,35080.30868108087
1930,64887.17486093453
1931,40458.092442634275
1932,11875.29207567027
1933,58545.638768378274
1934,55684.47898368222
1935,88155.9080024428
1936,83075.75051639602
1937,88308.37831464739
1938,27214.560756397663
1939,259684.99415253225
1940,234646.25030572203
1941,203795.77572632293
1942,74491.78729511605
1943,43296.75086503023
1944,67349.71708495467
1945,118725.32193450595
1946,76476.99949766521
1947,105868.57073608082
1948,131345.25860692456
1949,27159.88523695787
1950,35149.700113527986
1951,106097.72175962257
1952,59454.19791052864
1953,95533.52904265805
1954,32289.452745952283
1955,33155.962276408085
1956,77607.56153088238
1957,107196.98233991038
1958,181653.77019731692
1959,247278.50570790956
1960,76070.49508216558
1961,201056.3753166353
1962,102603.01200859601
1963,11973.934026589952
1964,21370.66186205966
1965,24760.565320737147
1966,83055.40184093892
1967,134681.6760931904
1968,68839.72689127488
1969,78360.18979145135
1970,196640.11367073123
1971,101523.7971989444
1972,52281.25578270731
1973,116761.35952359496
1974,37383.059037420026
1975,44254.73998058149
1976,43792.09718712722
1977,57338.950332636174
1978,37910.78228935974
1979,51398.190996226724
1980,75815.10148120223
1981,53153.90841733682
1982,429070.4766356769
1983,49066.56972739997
1984,33084.99378748619
1985,347895.4413766427
1986,55980.68145248102
1987,123702.98467497669
1988,43463.402043953996
1989,125758.5451935053
1990,111775.95302699975
1991,91076.56614481861
1992,59160.072045095825
1993,63340.13370562328
1994,78706.01072733829
1995,111548.59919488622
1996,165151.0634016061
1997,284337.38764755666
1998,273213.68725191784
1999,41416.124358124776
2000,50386.06888858348
2001,69770.79784215453
2002,16239.152650862867
2003,10646.60496926279
2004,73880.76813807304
2005,-7417.364481597146
2006,132576.84790625735
2007,70546.36782542578
2008,68039.1780592534
2009,116503.35446739182
2010,57042.59953745616
2011,113080.67900502458
2012,31328.545476328345
2013,140413.34020391197
2014,-16777.296090603202
2015,125400.19860300075
2016,77115.46106806232
2017,34097.919273787666
2018,187516.5841303241
2019,39615.936030211094
2020,354098.0965251359
2021,-13587.82162363307
2022,101934.62526517315
2023,216467.6840860249
2024,78473.21660579139
2025,104057.47182585177
2026,207136.57201649717
2027,228994.26530767995
2028,35932.34001654189
2029,125162.1977276864
2030,161351.58354030686
2031,14665.208865791115
2032,32358.535444134886
2033,2705.208563963527
2034,142343.75353829263
2035,73623.88180403569
2036,30622.326798278886
2037,60203.93548323791
2038,80049.86277296726
2039,89383.8921920275
2040,38519.2753505781
2041,111262.25301332478
2042,143658.6764348502
2043,46941.42589146108
2044,167849.24307370625
2045,113942.96633360715
2046,110520.58206774702
2047,42896.49190114812
2048,57816.783935740095
2049,323488.55895182985
2050,13662.470786145048
2051,86092.19276454757
2052,35255.41639369055
2053,149999.56209431932
2054,102575.87147104842
2055,140709.96251530785
2056,131666.48018653502
2057,234759.92722177878
2058,34974.009718224086
2059,102350.6899542014
2060,29936.668188292806
2061,77068.19665336778
2062,84257.9912229364
2063,19875.456076168597
2064,26704.765801835176
2065,273783.66711130604
2066,197930.75102401685
2067,26102.221312718404
2068,369258.9529506672
2069,75949.68801030604
2070,65715.04175106602
2071,195134.45555922776
2072,108143.4425439141
2073,51394.41280641307
2074,151659.07251450067
2075,52492.05842449668
2076,105906.60511151145
2077,32547.896894072594
2078,48017.60736040872
2079,14870.835830498687
2080,33871.74857617655
2081,254765.42173609958
2082,94710.43209965521
2083,35121.011518298496
2084,224658.17898201948
2085,99090.01189691358
2086,63144.9530103746
2087,117351.82453484871
2088,103433.31163954522
2089,80431.33002875134
2090,70485.9237934761
2091,53049.02881610186
2092,276571.31987577234
2093,45241.119071900845
2094,378422.71389560634
2095,193185.17052358956
2096,28275.848999203427
2097,60638.327594094364
2098,65209.11462500925
2099,75794.05460761391
2100,113367.42985179438
2101,186419.217125496
2102,89551.25323603555
2103,45860.47333166384
2104,25734.424356170075
2105,1771.3124922643465
2106,50840.3311604043
2107,177846.53550057326
2108,79975.92641469272
2109,101309.40222686096
2110,105669.96251221547
2111,93883.33424905335
2112,120582.35077370712
2113,84155.68121893523
2114,161206.52242990496
2115,57671.88513654696
2116,27253.804348306865
2117,89922.36339677955
2118,74268.10438563733
2119,88686.1233699712
2120,21338.095100872644
2121,52022.93003258453
2122,162617.69246536616
2123,33914.381063709705
2124,42698.45989022777
2125,44468.822969113724
2126,37172.33497304683
2127,98084.871362212
2128,92588.3889036481
2129,13791.641968949254
2130,179370.736063412
2131,180755.66650562183
2132,37820.99720172176
2133,48736.92960924961
2134,26925.2369399286
2135,76664.75737648271
2136,101093.75779779375
2137,36445.31934102706
2138,35129.72633842062
2139,134147.0595562428
2140,27507.79887192603
2141,-1904.1264461660348
2142,63988.77270913049
2143,61794.40731146176
2144,101365.49708493735
2145,84500.71593975293
2146,65365.321546287196
2147,67134.76467609886
2148,209317.99342022312
2149,365355.7920542841
2150,8271.760562682564
2151,73320.45638467962
2152,13571.021080840608
2153,204196.3340918029
2154,77006.01072755182
2155,295923.0773008634
2156,163430.8436393133
2157,115534.04929668472
2158,85842.73373874964
2159,150179.71210156285
2160,144422.75968342985
2161,96614.83973485258
2162,56091.34021379496
2163,45877.39996978145
2164,62561.19754538779
2165,47832.03309677593
2166,57872.71842572024
2167,89570.74379426558
2168,90528.273457354
2169,28159.411000972632
2170,53624.128001811696
2171,381609.5699021411
2172,94963.31854131093
2173,104257.4516694597
2174,80700.50525136123
2175,15571.953406837172
2176,68388.2696570518
2177,188109.63256100356
2178,427319.9844196732
2179,49665.030972605666
2180,89808.73633846201
2181,91925.91547758883
2182,74000.13424482675
2183,53536.53510269096
2184,85067.5750217106
2185,75677.86512611838
2186,98197.18792534576
2187,100813.13333735388
2188,44994.43084779554
2189,106703.783580927
2190,83167.60378707672
2191,195846.00927688263
2192,5170.805156705163
2193,29056.26876847306
2194,84349.35430030074
2195,51072.05422245155
2196,68435.68064506038
2197,40166.771478308
2198,22893.418734669056
2199,38835.26595791344
2200,34950.49614421336
2201,154654.36488796843
2202,33487.7049267265
2203,201699.6002430582
2204,38205.64872432081
2205,23643.11647848754
2206,300700.25500371505
2207,111182.82439419604
2208,125050.70871814495
2209,4160.985432221017
2210,37515.97540013657
2211,59902.33810475423
2212,106793.67735362676
2213,77022.15401113438
2214,53075.39874512256
2215,82884.07545773618
2216,55221.68964212111
2217,73661.66080912558
2218,106213.53278486471
2219,60005.670563360014
2220,112910.16668081871
2221,224983.71244089748
2222,99956.95982795017
2223,150760.96568878225
2224,53076.94249484421
2225,26492.585566350706
2226,57583.009484377035
2227,49324.79002076979
2228,67206.42765786516
2229,88742.45797217087
2230,145608.54532861078
2231,129097.91560499236
2232,74254.19779206978
2233,10544.944760582002
2234,246119.87018280855
2235,60778.440478036915
2236,-4759.6280613225945
2237,50801.86042398745
2238,98855.10755851158
2239,86045.92050840476
2240,199713.03319335816
2241,68011.91911046236
2242,42102.675330374186
2243,14518.301402624362
2244,55586.24965677121
2245,100058.95615023663
2246,88174.57724771579
2247,445097.55016568664
2248,197614.36471551558
2249,165461.5086665508
2250,72431.16417553349
2251,136522.1406887162
2252,87285.28607013656
2253,24480.383597061886
2254,41719.06549739768
2255,84295.67120951298
2256,129372.6290818589
2257,131615.70938470066
2258,-134.29320931845814
2259,21402.646494358483
2260,82530.52364339257
2261,200559.5455683991
2262,293319.0041046719
2263,5423.123068582377
2264,195866.94769652467
2265,56906.29992102113
2266,121220.81072246638
2267,109606.74238197296
2268,34194.39249361518
2269,164795.34757468235
2270,127558.6796626253
2271,195724.85155145373
2272,130327.76315873837
2273,35932.24721998808
2274,65339.78317265283
2275,211188.6222645391
2276,49217.3478983531
2277,65372.31321733361
2278,62852.00354856291
2279,27484.985502524924
2280,152960.69323447475
2281,61963.58686111075
2282,31844.224625060637
2283,53477.875744074045
2284,87559.01674726844
2285,54443.13145110854
2286,46027.429949603604
2287,23003.031591215284
2288,37983.4020060988
2289,136572.24489721397
2290,77323.69934347409
2291,66276.90821377447
2292,102234.84072287814
2293,107613.19890938108
2294,70759.38639065338
2295,165985.22328256353
2296,390986.48603458935
2297,28237.534840608056
2298,141663.18728170282
2299,58297.1782616464
2300,76068.51495002257
2301,63546.58303143111
2302,77321.00470968656
2303,164284.25365570828
2304,44642.884375760324
2305,82985.23130761963
2306,63227.7355958786
2307,322878.1816637499
2308,290240.42447837704
2309,44633.23534667122
2310,115514.35530806103
2311,61467.44368676609
2312,-3828.648881454682
2313,-34596.85064357418
2314,79829.65306775711
2315,108138.29171318345
2316,84348.17769128084
2317,59211.968698793826
2318,51686.816373665184
2319,57171.37743647075
2320,93700.79749570426
2321,95260.39154027376
2322,16779.63392713643
2323,53020.17389468129
2324,72375.42220991908
2325,134567.99917713366
2326,62524.17810092224
2327,37245.702994113904
2328,134744.9046938043
2329,99149.35339097568
2330,28116.480414380956
2331,36840.19802045475
2332,129368.2436217865
2333,116975.61035748772
2334,108690.00640020112
2335,71061.51898936991
2336,59129.367908511755
2337,125194.03650301427
2338,205766.70958728704
2339,52169.874929410835
2340,55923.99153298051
2341,-7149.232020837339
2342,12887.455778633797
2343,61821.8522043608
2344,79930.44663698628
2345,205562.09113838486
2346,43172.833111668595
2347,27824.10238970009
2348,178696.42628676357
2349,23835.840469451938
2350,79565.11179943092
2351,69776.99464138012
2352,48163.32274095839
2353,12802.985792424879
2354,71141.93397946417
2355,92305.33874552441
2356,92677.70525119343
2357,41877.6649118347
2358,31479.78208558046
2359,288438.6453588774
2360,45185.2228000608
2361,-6701.273086878217
2362,81645.33539777406
2363,35163.378314626905
2364,178536.34564155995
2365,29588.096174969894
2366,64354.52066960533
2367,208450.61026661107
2368,21545.337459259947
2369,33702.24139567451
2370,81136.80481267741
2371,103539.09006004373
2372,12641.367038725373
2373,430895.6843032379
2374,126607.02330299377
2375,36462.20571618438
2376,89786.17822338524
2377,30420.391761154166
2378,194840.9965713389
2379,281409.5114834643
2380,48783.23211769294
2381,69294.95437835902
2382,338498.6383272491
2383,82829.29992313037
2384,23436.71823289314
2385,19273.464857802766
2386,74056.50765576775
2387,66779.98847787312
2388,121556.37518919798
2389,43385.79276748368
2390,290676.01580635225
2391,130524.2638496719
2392,207274.51730522703
2393,21866.26243064769
2394,172030.4307162587
